{
  "hash": "902c73af",
  "configHash": "6e462df3",
  "lockfileHash": "78cfc088",
  "browserHash": "f822fafa",
  "optimized": {
    "@angular/core": {
      "src": "../../../../../node_modules/@angular/core/fesm2022/core.mjs",
      "file": "@angular_core.js",
      "fileHash": "115ef23b",
      "needsInterop": false
    },
    "@angular/platform-browser": {
      "src": "../../../../../node_modules/@angular/platform-browser/fesm2022/platform-browser.mjs",
      "file": "@angular_platform-browser.js",
      "fileHash": "f235629d",
      "needsInterop": false
    },
    "@angular/forms": {
      "src": "../../../../../node_modules/@angular/forms/fesm2022/forms.mjs",
      "file": "@angular_forms.js",
      "fileHash": "157840bc",
      "needsInterop": false
    },
    "@angular/common": {
      "src": "../../../../../node_modules/@angular/common/fesm2022/common.mjs",
      "file": "@angular_common.js",
      "fileHash": "72cc4be5",
      "needsInterop": false
    }
  },
  "chunks": {
    "chunk-FVLCRLO7": {
      "file": "chunk-FVLCRLO7.js"
    },
    "chunk-WVGOSFXS": {
      "file": "chunk-WVGOSFXS.js"
    }
  }
}